instance_name,dataset,num_constraints,greedy_weight,exact_weight,approximation_ratio,greedy_runtime_sec,exact_runtime_sec,exact_success,exact_error,failure_2x,greedy_cardinality,exact_cardinality,greedy_iterations,num_discovered_muses,avg_discovered_mus_size,max_discovered_mus_size,conflict_density,overlap_measure,weight_min,weight_max,weight_mean,weight_variance,target_size,seed,num_conflicting_types,max_depth
dataset_a_single_conflict,A,10,1.0,1.0,1.0,0.031869292026385665,0.008786958060227334,True,,False,1,1.0,1,1,2.0,2,0.1,0.0,1.0,3.0,1.9,0.6899999999999998,10,0,,
dataset_a_single_conflict,A,10,1.0,1.0,1.0,0.0018372080521658063,0.0026427499251440167,True,,False,1,1.0,1,1,2.0,2,0.1,0.0,1.0,3.0,2.0,0.4,10,1,,
dataset_a_single_conflict,A,10,1.0,1.0,1.0,0.0014504999853670597,0.002386000007390976,True,,False,1,1.0,1,1,2.0,2,0.1,0.0,1.0,3.0,1.6,0.44000000000000006,10,2,,
dataset_a_single_conflict,A,10,1.0,1.0,1.0,0.0015743750846013427,0.0024646660313010216,True,,False,1,1.0,1,1,2.0,2,0.1,0.0,1.0,3.0,2.0,0.4,10,3,,
dataset_a_single_conflict,A,10,1.0,1.0,1.0,0.0013741670409217477,0.002261459012515843,True,,False,1,1.0,1,1,2.0,2,0.1,0.0,1.0,2.0,1.6,0.24000000000000005,10,4,,
dataset_a_single_conflict,A,10,1.0,1.0,1.0,0.0013752080267295241,0.0023230420192703605,True,,False,1,1.0,1,1,2.0,2,0.1,0.0,1.0,3.0,1.7,0.41,10,5,,
dataset_a_single_conflict,A,10,1.0,1.0,1.0,0.0014221249148249626,0.002336750039830804,True,,False,1,1.0,1,1,2.0,2,0.1,0.0,1.0,3.0,2.0,0.4,10,6,,
dataset_a_single_conflict,A,10,1.0,1.0,1.0,0.0012492919340729713,0.0022179579827934504,True,,False,1,1.0,1,1,2.0,2,0.1,0.0,1.0,3.0,1.5,0.65,10,7,,
dataset_a_single_conflict,A,10,1.0,1.0,1.0,0.00135404197499156,0.002273332909680903,True,,False,1,1.0,1,1,2.0,2,0.1,0.0,1.0,3.0,1.9,0.49000000000000005,10,8,,
dataset_a_single_conflict,A,10,1.0,1.0,1.0,0.001371209044009447,0.002327083027921617,True,,False,1,1.0,1,1,2.0,2,0.1,0.0,1.0,3.0,1.9,0.48999999999999994,10,9,,
dataset_a_single_conflict,A,10,1.0,1.0,1.0,0.0013527499977499247,0.002310666022822261,True,,False,1,1.0,1,1,2.0,2,0.1,0.0,1.0,3.0,1.9,0.49000000000000005,10,10,,
dataset_a_single_conflict,A,10,1.0,1.0,1.0,0.0013423750642687082,0.00238191697280854,True,,False,1,1.0,1,1,2.0,2,0.1,0.0,1.0,3.0,2.0,0.4,10,11,,
dataset_a_single_conflict,A,10,1.0,1.0,1.0,0.0014701250474900007,0.002304749912582338,True,,False,1,1.0,1,1,2.0,2,0.1,0.0,1.0,3.0,1.7,0.40999999999999986,10,12,,
dataset_a_single_conflict,A,10,1.0,1.0,1.0,0.0012854160740971565,0.0021054999670013785,True,,False,1,1.0,1,1,2.0,2,0.1,0.0,1.0,2.0,1.8,0.16000000000000006,10,13,,
dataset_a_single_conflict,A,10,1.0,1.0,1.0,0.0014132910873740911,0.002329541021026671,True,,False,1,1.0,1,1,2.0,2,0.1,0.0,1.0,3.0,1.8,0.36000000000000004,10,14,,
dataset_a_single_conflict,A,10,1.0,1.0,1.0,0.0013444579672068357,0.0022729169577360153,True,,False,1,1.0,1,1,2.0,2,0.1,0.0,1.0,3.0,1.8,0.56,10,15,,
dataset_a_single_conflict,A,10,1.0,1.0,1.0,0.0014125000452622771,0.002396250027231872,True,,False,1,1.0,1,1,2.0,2,0.1,0.0,1.0,3.0,1.9,0.4899999999999999,10,16,,
dataset_a_single_conflict,A,10,1.0,1.0,1.0,0.0013832909753546119,0.0025050839176401496,True,,False,1,1.0,1,1,2.0,2,0.1,0.0,1.0,3.0,1.9,0.48999999999999994,10,17,,
dataset_a_single_conflict,A,10,1.0,1.0,1.0,0.001511208014562726,0.0022986249532550573,True,,False,1,1.0,1,1,2.0,2,0.1,0.0,1.0,3.0,2.0,0.6,10,18,,
dataset_a_single_conflict,A,10,1.0,1.0,1.0,0.0013633329654112458,0.0023538749665021896,True,,False,1,1.0,1,1,2.0,2,0.1,0.0,1.0,3.0,1.7,0.41,10,19,,
dataset_a_single_conflict,A,20,1.0,1.0,1.0,0.0024056659312918782,0.003872250090353191,True,,False,1,1.0,1,1,2.0,2,0.05,0.0,1.0,3.0,2.0,0.6,20,0,,
dataset_a_single_conflict,A,20,1.0,1.0,1.0,0.0022923339856788516,0.0038389998953789473,True,,False,1,1.0,1,1,2.0,2,0.05,0.0,1.0,3.0,2.0,0.3,20,1,,
dataset_a_single_conflict,A,20,1.0,1.0,1.0,0.002284665941260755,0.0038092080503702164,True,,False,1,1.0,1,1,2.0,2,0.05,0.0,1.0,3.0,2.0,0.6,20,2,,
dataset_a_single_conflict,A,20,1.0,1.0,1.0,0.002286250004544854,0.003817667020484805,True,,False,1,1.0,1,1,2.0,2,0.05,0.0,1.0,3.0,2.0,0.5,20,3,,
dataset_a_single_conflict,A,20,1.0,1.0,1.0,0.0022104589734226465,0.0037499580066651106,True,,False,1,1.0,1,1,2.0,2,0.05,0.0,1.0,3.0,1.8,0.36000000000000004,20,4,,
dataset_a_single_conflict,A,20,1.0,1.0,1.0,0.0022049170220270753,0.003914374974556267,True,,False,1,1.0,1,1,2.0,2,0.05,0.0,1.0,3.0,1.95,0.4475000000000001,20,5,,
dataset_a_single_conflict,A,20,1.0,1.0,1.0,0.0022606250131502748,0.0038030410651117563,True,,False,1,1.0,1,1,2.0,2,0.05,0.0,1.0,3.0,1.95,0.3475000000000002,20,6,,
dataset_a_single_conflict,A,20,1.0,1.0,1.0,0.002004459034651518,0.003542124992236495,True,,False,1,1.0,1,1,2.0,2,0.05,0.0,1.0,3.0,1.6,0.4400000000000001,20,7,,
dataset_a_single_conflict,A,20,1.0,1.0,1.0,0.0023302079644054174,0.0038237919798120856,True,,False,1,1.0,1,1,2.0,2,0.05,0.0,1.0,3.0,1.95,0.44750000000000006,20,8,,
dataset_a_single_conflict,A,20,1.0,1.0,1.0,0.0024322080425918102,0.004037249949760735,True,,False,1,1.0,1,1,2.0,2,0.05,0.0,1.0,3.0,2.0,0.4,20,9,,
dataset_a_single_conflict,A,20,1.0,1.0,1.0,0.00232662505004555,0.0038544998969882727,True,,False,1,1.0,1,1,2.0,2,0.05,0.0,1.0,3.0,2.1,0.49000000000000005,20,10,,
dataset_a_single_conflict,A,20,1.0,1.0,1.0,0.0022290420019999146,0.0038002498913556337,True,,False,1,1.0,1,1,2.0,2,0.05,0.0,1.0,3.0,2.0,0.4,20,11,,
dataset_a_single_conflict,A,20,1.0,1.0,1.0,0.0021503750467672944,0.0036884170258417726,True,,False,1,1.0,1,1,2.0,2,0.05,0.0,1.0,3.0,1.9,0.38999999999999985,20,12,,
dataset_a_single_conflict,A,20,1.0,1.0,1.0,0.0023359580663964152,0.0038930000737309456,True,,False,1,1.0,1,1,2.0,2,0.05,0.0,1.0,3.0,2.05,0.3475,20,13,,
dataset_a_single_conflict,A,20,1.0,1.0,1.0,0.002423624973744154,0.003992500016465783,True,,False,1,1.0,1,1,2.0,2,0.05,0.0,1.0,3.0,1.95,0.44750000000000006,20,14,,
dataset_a_single_conflict,A,20,1.0,1.0,1.0,0.0023478330112993717,0.0038639999693259597,True,,False,1,1.0,1,1,2.0,2,0.05,0.0,1.0,3.0,2.0,0.5,20,15,,
dataset_a_single_conflict,A,20,1.0,1.0,1.0,0.0023172079818323255,0.0038116249488666654,True,,False,1,1.0,1,1,2.0,2,0.05,0.0,1.0,3.0,1.9,0.48999999999999994,20,16,,
dataset_a_single_conflict,A,20,1.0,1.0,1.0,0.002329458948224783,0.003852875088341534,True,,False,1,1.0,1,1,2.0,2,0.05,0.0,1.0,3.0,2.0,0.4,20,17,,
dataset_a_single_conflict,A,20,1.0,1.0,1.0,0.00224520789925009,0.0037535410374403,True,,False,1,1.0,1,1,2.0,2,0.05,0.0,1.0,3.0,2.0,0.4,20,18,,
dataset_a_single_conflict,A,20,1.0,1.0,1.0,0.002258958062157035,0.0037538749165832996,True,,False,1,1.0,1,1,2.0,2,0.05,0.0,1.0,3.0,1.95,0.44750000000000006,20,19,,
dataset_a_single_conflict,A,50,1.0,1.0,1.0,0.005416708067059517,0.00833770795725286,True,,False,1,1.0,1,1,2.0,2,0.02,0.0,1.0,3.0,1.92,0.4735999999999995,50,0,,
dataset_a_single_conflict,A,50,1.0,1.0,1.0,0.005344333010725677,0.008461416000500321,True,,False,1,1.0,1,1,2.0,2,0.02,0.0,1.0,3.0,2.08,0.3535999999999997,50,1,,
dataset_a_single_conflict,A,50,1.0,1.0,1.0,0.005045915953814983,0.008069082978181541,True,,False,1,1.0,1,1,2.0,2,0.02,0.0,1.0,3.0,1.9,0.49000000000000016,50,2,,
dataset_a_single_conflict,A,50,1.0,1.0,1.0,0.005361874937079847,0.008317500003613532,True,,False,1,1.0,1,1,2.0,2,0.02,0.0,1.0,3.0,2.02,0.49959999999999993,50,3,,
dataset_a_single_conflict,A,50,1.0,1.0,1.0,0.005182875087484717,0.008293666993267834,True,,False,1,1.0,1,1,2.0,2,0.02,0.0,1.0,3.0,1.9,0.29,50,4,,
dataset_a_single_conflict,A,50,1.0,1.0,1.0,0.005089792073704302,0.008238458074629307,True,,False,1,1.0,1,1,2.0,2,0.02,0.0,1.0,3.0,1.9,0.41000000000000014,50,5,,
dataset_a_single_conflict,A,50,1.0,1.0,1.0,0.005416541011072695,0.008452999987639487,True,,False,1,1.0,1,1,2.0,2,0.02,0.0,1.0,3.0,2.14,0.48039999999999994,50,6,,
dataset_a_single_conflict,A,50,1.0,1.0,1.0,0.00486104201991111,0.00806075008586049,True,,False,1,1.0,1,1,2.0,2,0.02,0.0,1.0,3.0,1.86,0.4804000000000002,50,7,,
dataset_a_single_conflict,A,50,1.0,1.0,1.0,0.005450833006761968,0.008467958075925708,True,,False,1,1.0,1,1,2.0,2,0.02,0.0,1.0,3.0,2.1,0.4100000000000001,50,8,,
dataset_a_single_conflict,A,50,1.0,1.0,1.0,0.005075000110082328,0.008153749979101121,True,,False,1,1.0,1,1,2.0,2,0.02,0.0,1.0,3.0,1.94,0.4164,50,9,,
dataset_a_single_conflict,A,50,1.0,1.0,1.0,0.0054937920067459345,0.009322916972450912,True,,False,1,1.0,1,1,2.0,2,0.02,0.0,1.0,3.0,2.12,0.4655999999999999,50,10,,
dataset_a_single_conflict,A,50,1.0,1.0,1.0,0.005569708999246359,0.0085248330142349,True,,False,1,1.0,1,1,2.0,2,0.02,0.0,1.0,3.0,2.02,0.4196000000000001,50,11,,
dataset_a_single_conflict,A,50,1.0,1.0,1.0,0.005322291981428862,0.008322542067617178,True,,False,1,1.0,1,1,2.0,2,0.02,0.0,1.0,3.0,1.96,0.3984,50,12,,
dataset_a_single_conflict,A,50,1.0,1.0,1.0,0.0055206670658662915,0.008533917018212378,True,,False,1,1.0,1,1,2.0,2,0.02,0.0,1.0,3.0,2.04,0.31839999999999985,50,13,,
dataset_a_single_conflict,A,50,1.0,1.0,1.0,0.005566290928982198,0.00854375003837049,True,,False,1,1.0,1,1,2.0,2,0.02,0.0,1.0,3.0,2.06,0.5763999999999999,50,14,,
dataset_a_single_conflict,A,50,1.0,1.0,1.0,0.005413874983787537,0.00842825009021908,True,,False,1,1.0,1,1,2.0,2,0.02,0.0,1.0,3.0,1.98,0.5395999999999997,50,15,,
dataset_a_single_conflict,A,50,1.0,1.0,1.0,0.005238166078925133,0.008255707914941013,True,,False,1,1.0,1,1,2.0,2,0.02,0.0,1.0,3.0,1.94,0.4163999999999999,50,16,,
dataset_a_single_conflict,A,50,1.0,1.0,1.0,0.0054365829564630985,0.008424833999015391,True,,False,1,1.0,1,1,2.0,2,0.02,0.0,1.0,3.0,2.04,0.39840000000000003,50,17,,
dataset_a_single_conflict,A,50,1.0,1.0,1.0,0.005399208981543779,0.008279957924969494,True,,False,1,1.0,1,1,2.0,2,0.02,0.0,1.0,3.0,2.12,0.4655999999999998,50,18,,
dataset_a_single_conflict,A,50,1.0,1.0,1.0,0.005370541010051966,0.008413958945311606,True,,False,1,1.0,1,1,2.0,2,0.02,0.0,1.0,3.0,2.06,0.4563999999999997,50,19,,
dataset_a_single_conflict,A,100,1.0,1.0,1.0,0.01174587500281632,0.015828083036467433,True,,False,1,1.0,1,1,2.0,2,0.01,0.0,1.0,3.0,1.97,0.4691,100,0,,
dataset_a_single_conflict,A,100,1.0,1.0,1.0,0.011129750055260956,0.016346583957783878,True,,False,1,1.0,1,1,2.0,2,0.01,0.0,1.0,3.0,2.02,0.3795999999999995,100,1,,
dataset_a_single_conflict,A,100,1.0,1.0,1.0,0.010906666982918978,0.015669082989916205,True,,False,1,1.0,1,1,2.0,2,0.01,0.0,1.0,3.0,1.91,0.4618999999999993,100,2,,
dataset_a_single_conflict,A,100,1.0,1.0,1.0,0.011231666896492243,0.01606583292596042,True,,False,1,1.0,1,1,2.0,2,0.01,0.0,1.0,3.0,1.99,0.4899000000000005,100,3,,
dataset_a_single_conflict,A,100,1.0,1.0,1.0,0.010885916068218648,0.015798875014297664,True,,False,1,1.0,1,1,2.0,2,0.01,0.0,1.0,3.0,1.97,0.3691000000000002,100,4,,
dataset_a_single_conflict,A,100,1.0,1.0,1.0,0.011186000076122582,0.016021542018279433,True,,False,1,1.0,1,1,2.0,2,0.01,0.0,1.0,3.0,2.05,0.38750000000000007,100,5,,
dataset_a_single_conflict,A,100,1.0,1.0,1.0,0.011345374980010092,0.01607987505849451,True,,False,1,1.0,1,1,2.0,2,0.01,0.0,1.0,3.0,2.06,0.4764000000000001,100,6,,
dataset_a_single_conflict,A,100,1.0,1.0,1.0,0.010492917033843696,0.015643500024452806,True,,False,1,1.0,1,1,2.0,2,0.01,0.0,1.0,3.0,1.93,0.4850999999999994,100,7,,
dataset_a_single_conflict,A,100,1.0,1.0,1.0,0.011303708073683083,0.016094624996185303,True,,False,1,1.0,1,1,2.0,2,0.01,0.0,1.0,3.0,2.12,0.4256000000000001,100,8,,
dataset_a_single_conflict,A,100,1.0,1.0,1.0,0.010492666973732412,0.015561375068500638,True,,False,1,1.0,1,1,2.0,2,0.01,0.0,1.0,3.0,1.9,0.41000000000000036,100,9,,
dataset_a_single_conflict,A,100,1.0,1.0,1.0,0.011579749989323318,0.01624000002630055,True,,False,1,1.0,1,1,2.0,2,0.01,0.0,1.0,3.0,2.11,0.43789999999999935,100,10,,
dataset_a_single_conflict,A,100,1.0,1.0,1.0,0.010898499982431531,0.01577212498523295,True,,False,1,1.0,1,1,2.0,2,0.01,0.0,1.0,3.0,1.97,0.4491000000000001,100,11,,
dataset_a_single_conflict,A,100,1.0,1.0,1.0,0.011078041978180408,0.015977459028363228,True,,False,1,1.0,1,1,2.0,2,0.01,0.0,1.0,3.0,2.04,0.39840000000000036,100,12,,
dataset_a_single_conflict,A,100,1.0,1.0,1.0,0.011492416029796004,0.01619100000243634,True,,False,1,1.0,1,1,2.0,2,0.01,0.0,1.0,3.0,2.02,0.37959999999999966,100,13,,
dataset_a_single_conflict,A,100,1.0,1.0,1.0,0.011160249938257039,0.015893541974946856,True,,False,1,1.0,1,1,2.0,2,0.01,0.0,1.0,3.0,1.99,0.5899000000000004,100,14,,
dataset_a_single_conflict,A,100,1.0,1.0,1.0,0.011513457982800901,0.016231791931204498,True,,False,1,1.0,1,1,2.0,2,0.01,0.0,1.0,3.0,2.09,0.5418999999999994,100,15,,
dataset_a_single_conflict,A,100,1.0,1.0,1.0,0.010672750067897141,0.01569516700692475,True,,False,1,1.0,1,1,2.0,2,0.01,0.0,1.0,3.0,1.94,0.3963999999999997,100,16,,
dataset_a_single_conflict,A,100,1.0,1.0,1.0,0.011271250084973872,0.016023042029701173,True,,False,1,1.0,1,1,2.0,2,0.01,0.0,1.0,3.0,2.0,0.34,100,17,,
dataset_a_single_conflict,A,100,1.0,1.0,1.0,0.011110250023193657,0.015964917023666203,True,,False,1,1.0,1,1,2.0,2,0.01,0.0,1.0,3.0,2.07,0.4650999999999994,100,18,,
dataset_a_single_conflict,A,100,1.0,1.0,1.0,0.011224500020034611,0.016074666986241937,True,,False,1,1.0,1,1,2.0,2,0.01,0.0,1.0,3.0,2.06,0.39639999999999964,100,19,,
dataset_a_single_conflict,A,200,1.0,1.0,1.0,0.02578749996609986,0.031261791940778494,True,,False,1,1.0,1,1,2.0,2,0.005,0.0,1.0,3.0,2.015,0.44477500000000025,200,0,,
dataset_a_single_conflict,A,200,1.0,1.0,1.0,0.025506624951958656,0.03129695903044194,True,,False,1,1.0,1,1,2.0,2,0.005,0.0,1.0,3.0,2.02,0.38959999999999945,200,1,,
dataset_a_single_conflict,A,200,1.0,1.0,1.0,0.025523875025101006,0.031629125005565584,True,,False,1,1.0,1,1,2.0,2,0.005,0.0,1.0,3.0,2.05,0.4374999999999997,200,2,,
dataset_a_single_conflict,A,200,1.0,1.0,1.0,0.02520337502937764,0.030997499939985573,True,,False,1,1.0,1,1,2.0,2,0.005,0.0,1.0,3.0,2.0,0.44,200,3,,
dataset_a_single_conflict,A,200,1.0,1.0,1.0,0.0247583749005571,0.030989666935056448,True,,False,1,1.0,1,1,2.0,2,0.005,0.0,1.0,3.0,1.965,0.41377500000000006,200,4,,
dataset_a_single_conflict,A,200,1.0,1.0,1.0,0.025848958059214056,0.03149929200299084,True,,False,1,1.0,1,1,2.0,2,0.005,0.0,1.0,3.0,2.055,0.4419749999999992,200,5,,
dataset_a_single_conflict,A,200,1.0,1.0,1.0,0.025663374923169613,0.031003332929685712,True,,False,1,1.0,1,1,2.0,2,0.005,0.0,1.0,3.0,2.015,0.4347750000000003,200,6,,
dataset_a_single_conflict,A,200,1.0,1.0,1.0,0.02385483297985047,0.030573458061553538,True,,False,1,1.0,1,1,2.0,2,0.005,0.0,1.0,3.0,1.945,0.4319749999999985,200,7,,
dataset_a_single_conflict,A,200,1.0,1.0,1.0,0.02566070796456188,0.031082959030754864,True,,False,1,1.0,1,1,2.0,2,0.005,0.0,1.0,3.0,2.075,0.42937499999999934,200,8,,
dataset_a_single_conflict,A,200,1.0,1.0,1.0,0.024308459018357098,0.030596125056035817,True,,False,1,1.0,1,1,2.0,2,0.005,0.0,1.0,3.0,1.97,0.41910000000000047,200,9,,
dataset_a_single_conflict,A,200,1.0,1.0,1.0,0.025907333008944988,0.03137912496458739,True,,False,1,1.0,1,1,2.0,2,0.005,0.0,1.0,3.0,2.055,0.4119749999999992,200,10,,
dataset_a_single_conflict,A,200,1.0,1.0,1.0,0.0250841659726575,0.031231416040100157,True,,False,1,1.0,1,1,2.0,2,0.005,0.0,1.0,3.0,2.035,0.3837750000000002,200,11,,
dataset_a_single_conflict,A,200,1.0,1.0,1.0,0.02539658290334046,0.03150041704066098,True,,False,1,1.0,1,1,2.0,2,0.005,0.0,1.0,3.0,2.055,0.4219749999999992,200,12,,
dataset_a_single_conflict,A,200,1.0,1.0,1.0,0.026005291030742228,0.03133975004311651,True,,False,1,1.0,1,1,2.0,2,0.005,0.0,1.0,3.0,2.025,0.3843749999999996,200,13,,
dataset_a_single_conflict,A,200,1.0,1.0,1.0,0.02570729097351432,0.031314457999542356,True,,False,1,1.0,1,1,2.0,2,0.005,0.0,1.0,3.0,2.025,0.4643749999999995,200,14,,
dataset_a_single_conflict,A,200,1.0,1.0,1.0,0.026330374996177852,0.03157312504481524,True,,False,1,1.0,1,1,2.0,2,0.005,0.0,1.0,3.0,2.065,0.4507750000000009,200,15,,
dataset_a_single_conflict,A,200,1.0,1.0,1.0,0.02418087504338473,0.03071629104670137,True,,False,1,1.0,1,1,2.0,2,0.005,0.0,1.0,3.0,1.955,0.3929750000000012,200,16,,
dataset_a_single_conflict,A,200,1.0,1.0,1.0,0.02571491606067866,0.03149929200299084,True,,False,1,1.0,1,1,2.0,2,0.005,0.0,1.0,3.0,2.045,0.3629750000000012,200,17,,
dataset_a_single_conflict,A,200,1.0,1.0,1.0,0.02614745800383389,0.03147549997083843,True,,False,1,1.0,1,1,2.0,2,0.005,0.0,1.0,3.0,2.065,0.45077500000000065,200,18,,
dataset_a_single_conflict,A,200,1.0,1.0,1.0,0.025657624937593937,0.03133791696745902,True,,False,1,1.0,1,1,2.0,2,0.005,0.0,1.0,3.0,2.055,0.4119749999999994,200,19,,
dataset_b_overlapping_conflicts,B,10,6.0,6.0,1.0,0.006202624994330108,0.0030369580490514636,True,,False,3,3.0,5,5,2.0,2,0.5,0.26666666666666666,1.0,4.0,2.4,0.8400000000000001,10,0,4.0,
dataset_b_overlapping_conflicts,B,10,6.0,6.0,1.0,0.0059353329706937075,0.0029403329826891422,True,,False,3,3.0,5,5,2.0,2,0.5,0.26666666666666666,1.0,4.0,2.4,0.6400000000000001,10,1,4.0,
dataset_b_overlapping_conflicts,B,10,6.0,6.0,1.0,0.00568629102781415,0.002880499931052327,True,,False,3,3.0,5,5,2.0,2,0.5,0.26666666666666666,1.0,4.0,2.1,0.89,10,2,4.0,
dataset_b_overlapping_conflicts,B,10,6.0,6.0,1.0,0.006046916940249503,0.003021333017386496,True,,False,3,3.0,5,5,2.0,2,0.5,0.26666666666666666,1.0,4.0,2.4,0.6400000000000001,10,3,4.0,
dataset_b_overlapping_conflicts,B,10,6.0,6.0,1.0,0.005636583897285163,0.002784125041216612,True,,False,3,3.0,5,5,2.0,2,0.5,0.26666666666666666,1.0,4.0,2.1,0.69,10,4,4.0,
dataset_b_overlapping_conflicts,B,10,6.0,6.0,1.0,0.0056725830072537065,0.0027214580914005637,True,,False,3,3.0,5,5,2.0,2,0.5,0.26666666666666666,1.0,4.0,2.0,0.8,10,5,4.0,
dataset_b_overlapping_conflicts,B,10,6.0,6.0,1.0,0.0061837079701945186,0.0029691660311073065,True,,False,3,3.0,5,5,2.0,2,0.5,0.26666666666666666,1.0,4.0,2.4,0.6400000000000001,10,6,4.0,
dataset_b_overlapping_conflicts,B,10,6.0,6.0,1.0,0.0054857919458299875,0.0027087919879704714,True,,False,3,3.0,5,5,2.0,2,0.5,0.26666666666666666,1.0,4.0,2.0,1.2,10,7,4.0,
dataset_b_overlapping_conflicts,B,10,6.0,6.0,1.0,0.005523707950487733,0.002731874934397638,True,,False,3,3.0,5,5,2.0,2,0.5,0.26666666666666666,1.0,4.0,2.1,0.69,10,8,4.0,
dataset_b_overlapping_conflicts,B,10,6.0,6.0,1.0,0.006010749959386885,0.0029776670271530747,True,,False,3,3.0,5,5,2.0,2,0.5,0.26666666666666666,1.0,4.0,2.3,0.8099999999999999,10,9,4.0,
dataset_b_overlapping_conflicts,B,10,6.0,6.0,1.0,0.005743541056290269,0.003043249947950244,True,,False,3,3.0,5,5,2.0,2,0.5,0.26666666666666666,1.0,4.0,2.3,0.61,10,10,4.0,
dataset_b_overlapping_conflicts,B,10,6.0,6.0,1.0,0.00586091703735292,0.002862374996766448,True,,False,3,3.0,5,5,2.0,2,0.5,0.26666666666666666,1.0,4.0,2.4,0.6400000000000001,10,11,4.0,
dataset_b_overlapping_conflicts,B,10,6.0,6.0,1.0,0.005991749931126833,0.0030074160313233733,True,,False,3,3.0,5,5,2.0,2,0.5,0.26666666666666666,1.0,4.0,2.1,0.89,10,12,4.0,
dataset_b_overlapping_conflicts,B,10,6.0,6.0,1.0,0.005666290991939604,0.002712832996621728,True,,False,3,3.0,5,5,2.0,2,0.5,0.26666666666666666,1.0,4.0,2.2,0.5599999999999999,10,13,4.0,
dataset_b_overlapping_conflicts,B,10,6.0,6.0,1.0,0.006114457966759801,0.003015915979631245,True,,False,3,3.0,5,5,2.0,2,0.5,0.26666666666666666,1.0,4.0,2.2,0.76,10,14,4.0,
dataset_b_overlapping_conflicts,B,10,6.0,6.0,1.0,0.0056404999922961,0.0028761669527739286,True,,False,3,3.0,5,5,2.0,2,0.5,0.26666666666666666,1.0,4.0,2.1,0.89,10,15,4.0,
dataset_b_overlapping_conflicts,B,10,6.0,6.0,1.0,0.006122249993495643,0.0029338750755414367,True,,False,3,3.0,5,5,2.0,2,0.5,0.26666666666666666,1.0,4.0,2.3,0.8099999999999999,10,16,4.0,
dataset_b_overlapping_conflicts,B,10,6.0,6.0,1.0,0.006272959057241678,0.0029927920550107956,True,,False,3,3.0,5,5,2.0,2,0.5,0.26666666666666666,1.0,4.0,2.4,0.6400000000000001,10,17,4.0,
dataset_b_overlapping_conflicts,B,10,6.0,6.0,1.0,0.00600275001488626,0.002953333081677556,True,,False,3,3.0,5,5,2.0,2,0.5,0.26666666666666666,1.0,4.0,2.5,0.65,10,18,4.0,
dataset_b_overlapping_conflicts,B,10,6.0,6.0,1.0,0.005950750084593892,0.0029718750156462193,True,,False,3,3.0,5,5,2.0,2,0.5,0.26666666666666666,1.0,4.0,2.2,0.76,10,19,4.0,
dataset_b_overlapping_conflicts,B,20,6.0,6.0,1.0,0.010500332922674716,0.0046559590846300125,True,,False,3,3.0,5,5,2.0,2,0.25,0.26666666666666666,1.0,4.0,2.25,0.6875,20,0,4.0,
dataset_b_overlapping_conflicts,B,20,6.0,6.0,1.0,0.010344582959078252,0.004780874936841428,True,,False,3,3.0,5,5,2.0,2,0.25,0.26666666666666666,1.0,4.0,2.2,0.46000000000000013,20,1,4.0,
dataset_b_overlapping_conflicts,B,20,6.0,6.0,1.0,0.01019966695457697,0.0044064579997211695,True,,False,3,3.0,5,5,2.0,2,0.25,0.26666666666666666,1.0,4.0,2.1,0.6900000000000002,20,2,4.0,
dataset_b_overlapping_conflicts,B,20,6.0,6.0,1.0,0.010273082996718585,0.004488749895244837,True,,False,3,3.0,5,5,2.0,2,0.25,0.26666666666666666,1.0,4.0,2.2,0.6600000000000004,20,3,4.0,
dataset_b_overlapping_conflicts,B,20,6.0,6.0,1.0,0.009873957955278456,0.004414834082126617,True,,False,3,3.0,5,5,2.0,2,0.25,0.26666666666666666,1.0,4.0,2.0,0.5,20,4,4.0,
dataset_b_overlapping_conflicts,B,20,6.0,6.0,1.0,0.00988429191056639,0.004432916990481317,True,,False,3,3.0,5,5,2.0,2,0.25,0.26666666666666666,1.0,4.0,2.1,0.5900000000000001,20,5,4.0,
dataset_b_overlapping_conflicts,B,20,6.0,6.0,1.0,0.010100375046022236,0.0044599579414352775,True,,False,3,3.0,5,5,2.0,2,0.25,0.26666666666666666,1.0,4.0,2.1,0.48999999999999994,20,6,4.0,
dataset_b_overlapping_conflicts,B,20,6.0,6.0,1.0,0.009021249949000776,0.004286458948627114,True,,False,3,3.0,5,5,2.0,2,0.25,0.26666666666666666,1.0,4.0,1.85,0.7275000000000003,20,7,4.0,
dataset_b_overlapping_conflicts,B,20,6.0,6.0,1.0,0.010216708993539214,0.004577166051603854,True,,False,3,3.0,5,5,2.0,2,0.25,0.26666666666666666,1.0,4.0,2.2,0.5600000000000003,20,8,4.0,
dataset_b_overlapping_conflicts,B,20,6.0,6.0,1.0,0.010429083020426333,0.004542291979305446,True,,False,3,3.0,5,5,2.0,2,0.25,0.26666666666666666,1.0,4.0,2.15,0.5275000000000003,20,9,4.0,
dataset_b_overlapping_conflicts,B,20,6.0,6.0,1.0,0.010291083017364144,0.004589874995872378,True,,False,3,3.0,5,5,2.0,2,0.25,0.26666666666666666,1.0,4.0,2.3,0.61,20,10,4.0,
dataset_b_overlapping_conflicts,B,20,6.0,6.0,1.0,0.009873542003333569,0.004437542054802179,True,,False,3,3.0,5,5,2.0,2,0.25,0.26666666666666666,1.0,4.0,2.15,0.5275000000000002,20,11,4.0,
dataset_b_overlapping_conflicts,B,20,6.0,6.0,1.0,0.009875999996438622,0.004427458043210208,True,,False,3,3.0,5,5,2.0,2,0.25,0.26666666666666666,1.0,4.0,2.1,0.5900000000000001,20,12,4.0,
dataset_b_overlapping_conflicts,B,20,6.0,6.0,1.0,0.010505457990802824,0.004789333906956017,True,,False,3,3.0,5,5,2.0,2,0.25,0.26666666666666666,1.0,4.0,2.25,0.4875,20,13,4.0,
dataset_b_overlapping_conflicts,B,20,6.0,6.0,1.0,0.010805541998706758,0.004609375027939677,True,,False,3,3.0,5,5,2.0,2,0.25,0.26666666666666666,1.0,4.0,2.1,0.5900000000000001,20,14,4.0,
dataset_b_overlapping_conflicts,B,20,6.0,6.0,1.0,0.01066379202529788,0.004592917044647038,True,,False,3,3.0,5,5,2.0,2,0.25,0.26666666666666666,1.0,4.0,2.25,0.5875,20,15,4.0,
dataset_b_overlapping_conflicts,B,20,6.0,6.0,1.0,0.010698458994738758,0.00453241600189358,True,,False,3,3.0,5,5,2.0,2,0.25,0.26666666666666666,1.0,4.0,2.2,0.5600000000000004,20,16,4.0,
dataset_b_overlapping_conflicts,B,20,6.0,6.0,1.0,0.010290333069860935,0.004562583053484559,True,,False,3,3.0,5,5,2.0,2,0.25,0.26666666666666666,1.0,4.0,2.15,0.5275000000000003,20,17,4.0,
dataset_b_overlapping_conflicts,B,20,6.0,6.0,1.0,0.009983708965592086,0.004425083054229617,True,,False,3,3.0,5,5,2.0,2,0.25,0.26666666666666666,1.0,4.0,2.25,0.4875,20,18,4.0,
dataset_b_overlapping_conflicts,B,20,6.0,6.0,1.0,0.010066666989587247,0.004496125038713217,True,,False,3,3.0,5,5,2.0,2,0.25,0.26666666666666666,1.0,4.0,2.1,0.5900000000000001,20,19,4.0,
dataset_b_overlapping_conflicts,B,50,6.0,6.0,1.0,0.023057541926391423,0.009210834046825767,True,,False,3,3.0,5,5,2.0,2,0.1,0.26666666666666666,1.0,4.0,2.02,0.5395999999999995,50,0,4.0,
dataset_b_overlapping_conflicts,B,50,6.0,6.0,1.0,0.02390995796304196,0.009228707989677787,True,,False,3,3.0,5,5,2.0,2,0.1,0.26666666666666666,1.0,4.0,2.16,0.4144000000000004,50,1,4.0,
dataset_b_overlapping_conflicts,B,50,6.0,6.0,1.0,0.02252104110084474,0.008958542020991445,True,,False,3,3.0,5,5,2.0,2,0.1,0.26666666666666666,1.0,4.0,2.0,0.56,50,2,4.0,
dataset_b_overlapping_conflicts,B,50,6.0,6.0,1.0,0.02368054201360792,0.009208082919940352,True,,False,3,3.0,5,5,2.0,2,0.1,0.26666666666666666,1.0,4.0,2.1,0.5700000000000004,50,3,4.0,
dataset_b_overlapping_conflicts,B,50,6.0,6.0,1.0,0.022849374916404486,0.009047250030562282,True,,False,3,3.0,5,5,2.0,2,0.1,0.26666666666666666,1.0,4.0,1.98,0.3796000000000001,50,4,4.0,
dataset_b_overlapping_conflicts,B,50,6.0,6.0,1.0,0.022692584083415568,0.008948166039772332,True,,False,3,3.0,5,5,2.0,2,0.1,0.26666666666666666,1.0,4.0,2.0,0.48,50,5,4.0,
dataset_b_overlapping_conflicts,B,50,6.0,6.0,1.0,0.02380195795558393,0.009177332976832986,True,,False,3,3.0,5,5,2.0,2,0.1,0.26666666666666666,1.0,4.0,2.18,0.5075999999999999,50,6,4.0,
dataset_b_overlapping_conflicts,B,50,6.0,6.0,1.0,0.021821417030878365,0.00877066608518362,True,,False,3,3.0,5,5,2.0,2,0.1,0.26666666666666666,1.0,4.0,1.92,0.5535999999999993,50,7,4.0,
dataset_b_overlapping_conflicts,B,50,6.0,6.0,1.0,0.02397037495393306,0.009452083031646907,True,,False,3,3.0,5,5,2.0,2,0.1,0.26666666666666666,1.0,4.0,2.16,0.45440000000000047,50,8,4.0,
dataset_b_overlapping_conflicts,B,50,6.0,6.0,1.0,0.022515041986480355,0.0088962079025805,True,,False,3,3.0,5,5,2.0,2,0.1,0.26666666666666666,1.0,4.0,2.0,0.48,50,9,4.0,
dataset_b_overlapping_conflicts,B,50,6.0,6.0,1.0,0.024154959013685584,0.0092314169742167,True,,False,3,3.0,5,5,2.0,2,0.1,0.26666666666666666,1.0,4.0,2.2,0.5200000000000001,50,10,4.0,
dataset_b_overlapping_conflicts,B,50,6.0,6.0,1.0,0.02259904204402119,0.008968333015218377,True,,False,3,3.0,5,5,2.0,2,0.1,0.26666666666666666,1.0,4.0,2.1,0.45000000000000023,50,11,4.0,
dataset_b_overlapping_conflicts,B,50,6.0,6.0,1.0,0.0229485840536654,0.009049750049598515,True,,False,3,3.0,5,5,2.0,2,0.1,0.26666666666666666,1.0,4.0,2.06,0.4563999999999999,50,12,4.0,
dataset_b_overlapping_conflicts,B,50,6.0,6.0,1.0,0.0238433750346303,0.009182333014905453,True,,False,3,3.0,5,5,2.0,2,0.1,0.26666666666666666,1.0,4.0,2.1,0.3700000000000002,50,13,4.0,
dataset_b_overlapping_conflicts,B,50,6.0,6.0,1.0,0.02433637494686991,0.009363957913592458,True,,False,3,3.0,5,5,2.0,2,0.1,0.26666666666666666,1.0,4.0,2.16,0.6144000000000005,50,14,4.0,
dataset_b_overlapping_conflicts,B,50,6.0,6.0,1.0,0.02343220799230039,0.009175083017908037,True,,False,3,3.0,5,5,2.0,2,0.1,0.26666666666666666,1.0,4.0,2.06,0.6164000000000001,50,15,4.0,
dataset_b_overlapping_conflicts,B,50,6.0,6.0,1.0,0.02273279195651412,0.008850374957546592,True,,False,3,3.0,5,5,2.0,2,0.1,0.26666666666666666,1.0,4.0,2.0,0.48,50,16,4.0,
dataset_b_overlapping_conflicts,B,50,6.0,6.0,1.0,0.023603416979312897,0.009230082971043885,True,,False,3,3.0,5,5,2.0,2,0.1,0.26666666666666666,1.0,4.0,2.1,0.4500000000000003,50,17,4.0,
dataset_b_overlapping_conflicts,B,50,6.0,6.0,1.0,0.02304420794826001,0.009074834058992565,True,,False,3,3.0,5,5,2.0,2,0.1,0.26666666666666666,1.0,4.0,2.2,0.5200000000000002,50,18,4.0,
dataset_b_overlapping_conflicts,B,50,6.0,6.0,1.0,0.023504417040385306,0.009145208052359521,True,,False,3,3.0,5,5,2.0,2,0.1,0.26666666666666666,1.0,4.0,2.16,0.49440000000000045,50,19,4.0,
dataset_b_overlapping_conflicts,B,100,6.0,6.0,1.0,0.044586332980543375,0.016844915924593806,True,,False,3,3.0,5,5,2.0,2,0.05,0.26666666666666666,1.0,4.0,2.01,0.5099000000000006,100,0,4.0,
dataset_b_overlapping_conflicts,B,100,6.0,6.0,1.0,0.04554258403368294,0.01687391591258347,True,,False,3,3.0,5,5,2.0,2,0.05,0.26666666666666666,1.0,4.0,2.06,0.41639999999999994,100,1,4.0,
dataset_b_overlapping_conflicts,B,100,6.0,6.0,1.0,0.04385708400513977,0.016575666959397495,True,,False,3,3.0,5,5,2.0,2,0.05,0.26666666666666666,1.0,4.0,1.96,0.498400000000001,100,2,4.0,
dataset_b_overlapping_conflicts,B,100,6.0,6.0,1.0,0.045604833983816206,0.017050083028152585,True,,False,3,3.0,5,5,2.0,2,0.05,0.26666666666666666,1.0,4.0,2.03,0.5091000000000001,100,3,4.0,
dataset_b_overlapping_conflicts,B,100,6.0,6.0,1.0,0.04453583399299532,0.016615165979601443,True,,False,3,3.0,5,5,2.0,2,0.05,0.26666666666666666,1.0,4.0,2.01,0.40990000000000043,100,4,4.0,
dataset_b_overlapping_conflicts,B,100,6.0,6.0,1.0,0.045463541988283396,0.016939208027906716,True,,False,3,3.0,5,5,2.0,2,0.05,0.26666666666666666,1.0,4.0,2.09,0.4218999999999994,100,5,4.0,
dataset_b_overlapping_conflicts,B,100,6.0,6.0,1.0,0.04617333400528878,0.0169368339702487,True,,False,3,3.0,5,5,2.0,2,0.05,0.26666666666666666,1.0,4.0,2.1,0.5099999999999998,100,6,4.0,
dataset_b_overlapping_conflicts,B,100,6.0,6.0,1.0,0.04355649999342859,0.016582790995016694,True,,False,3,3.0,5,5,2.0,2,0.05,0.26666666666666666,1.0,4.0,1.97,0.5291000000000001,100,7,4.0,
dataset_b_overlapping_conflicts,B,100,6.0,6.0,1.0,0.046252416097559035,0.017152167041786015,True,,False,3,3.0,5,5,2.0,2,0.05,0.26666666666666666,1.0,4.0,2.15,0.4475000000000003,100,8,4.0,
dataset_b_overlapping_conflicts,B,100,6.0,6.0,1.0,0.0433746250346303,0.016416332917287946,True,,False,3,3.0,5,5,2.0,2,0.05,0.26666666666666666,1.0,4.0,1.95,0.44750000000000023,100,9,4.0,
dataset_b_overlapping_conflicts,B,100,6.0,6.0,1.0,0.04731958394404501,0.017269083065912127,True,,False,3,3.0,5,5,2.0,2,0.05,0.26666666666666666,1.0,4.0,2.15,0.46750000000000047,100,10,4.0,
dataset_b_overlapping_conflicts,B,100,6.0,6.0,1.0,0.04472412494942546,0.01675641699694097,True,,False,3,3.0,5,5,2.0,2,0.05,0.26666666666666666,1.0,4.0,2.02,0.4795999999999995,100,11,4.0,
dataset_b_overlapping_conflicts,B,100,6.0,6.0,1.0,0.04552716703619808,0.016917250002734363,True,,False,3,3.0,5,5,2.0,2,0.05,0.26666666666666666,1.0,4.0,2.09,0.4218999999999995,100,12,4.0,
dataset_b_overlapping_conflicts,B,100,6.0,6.0,1.0,0.04662570799700916,0.017038583988323808,True,,False,3,3.0,5,5,2.0,2,0.05,0.26666666666666666,1.0,4.0,2.06,0.41639999999999994,100,13,4.0,
dataset_b_overlapping_conflicts,B,100,6.0,6.0,1.0,0.045047666993923485,0.016770167043432593,True,,False,3,3.0,5,5,2.0,2,0.05,0.26666666666666666,1.0,4.0,2.01,0.6099000000000006,100,14,4.0,
dataset_b_overlapping_conflicts,B,100,6.0,6.0,1.0,0.04679108306299895,0.017226916970685124,True,,False,3,3.0,5,5,2.0,2,0.05,0.26666666666666666,1.0,4.0,2.12,0.5656,100,15,4.0,
dataset_b_overlapping_conflicts,B,100,6.0,6.0,1.0,0.044000042020343244,0.016656332998536527,True,,False,3,3.0,5,5,2.0,2,0.05,0.26666666666666666,1.0,4.0,1.99,0.4299000000000003,100,16,4.0,
dataset_b_overlapping_conflicts,B,100,6.0,6.0,1.0,0.04556958400644362,0.01690858299843967,True,,False,3,3.0,5,5,2.0,2,0.05,0.26666666666666666,1.0,4.0,2.04,0.3784000000000006,100,17,4.0,
dataset_b_overlapping_conflicts,B,100,6.0,6.0,1.0,0.04494462499860674,0.016685666982084513,True,,False,3,3.0,5,5,2.0,2,0.05,0.26666666666666666,1.0,4.0,2.1,0.49000000000000005,100,18,4.0,
dataset_b_overlapping_conflicts,B,100,6.0,6.0,1.0,0.04587866610381752,0.01738649990875274,True,,False,3,3.0,5,5,2.0,2,0.05,0.26666666666666666,1.0,4.0,2.09,0.42189999999999933,100,19,4.0,
dataset_b_overlapping_conflicts,B,200,6.0,6.0,1.0,0.09400741592980921,0.03261950006708503,True,,False,3,3.0,5,5,2.0,2,0.025,0.26666666666666666,1.0,4.0,2.035,0.4637750000000002,200,0,4.0,
dataset_b_overlapping_conflicts,B,200,6.0,6.0,1.0,0.093535624910146,0.03286124998703599,True,,False,3,3.0,5,5,2.0,2,0.025,0.26666666666666666,1.0,4.0,2.04,0.40840000000000015,200,1,4.0,
dataset_b_overlapping_conflicts,B,200,6.0,6.0,1.0,0.09530579193960875,0.03290970902889967,True,,False,3,3.0,5,5,2.0,2,0.025,0.26666666666666666,1.0,4.0,2.07,0.45510000000000106,200,2,4.0,
dataset_b_overlapping_conflicts,B,200,6.0,6.0,1.0,0.09147295798175037,0.032340125064365566,True,,False,3,3.0,5,5,2.0,2,0.025,0.26666666666666666,1.0,4.0,2.02,0.4595999999999997,200,3,4.0,
dataset_b_overlapping_conflicts,B,200,6.0,6.0,1.0,0.09118441701866686,0.03223837504629046,True,,False,3,3.0,5,5,2.0,2,0.025,0.26666666666666666,1.0,4.0,1.995,0.42497499999999944,200,4,4.0,
dataset_b_overlapping_conflicts,B,200,6.0,6.0,1.0,0.09365699999034405,0.03285741701256484,True,,False,3,3.0,5,5,2.0,2,0.025,0.26666666666666666,1.0,4.0,2.085,0.4477750000000003,200,5,4.0,
dataset_b_overlapping_conflicts,B,200,6.0,6.0,1.0,0.09239500004332513,0.03240854199975729,True,,False,3,3.0,5,5,2.0,2,0.025,0.26666666666666666,1.0,4.0,2.035,0.4537750000000003,200,6,4.0,
dataset_b_overlapping_conflicts,B,200,6.0,6.0,1.0,0.0884358340408653,0.032085082959383726,True,,False,3,3.0,5,5,2.0,2,0.025,0.26666666666666666,1.0,4.0,1.965,0.45377500000000043,200,7,4.0,
dataset_b_overlapping_conflicts,B,200,6.0,6.0,1.0,0.09356229193508625,0.03276608290616423,True,,False,3,3.0,5,5,2.0,2,0.025,0.26666666666666666,1.0,4.0,2.095,0.4459749999999989,200,8,4.0,
dataset_b_overlapping_conflicts,B,200,6.0,6.0,1.0,0.0894176249857992,0.032061000005342066,True,,False,3,3.0,5,5,2.0,2,0.025,0.26666666666666666,1.0,4.0,1.99,0.4399000000000007,200,9,4.0,
dataset_b_overlapping_conflicts,B,200,6.0,6.0,1.0,0.09404066705610603,0.03254516702145338,True,,False,3,3.0,5,5,2.0,2,0.025,0.26666666666666666,1.0,4.0,2.08,0.42359999999999987,200,10,4.0,
dataset_b_overlapping_conflicts,B,200,6.0,6.0,1.0,0.09255079203285277,0.03268079203553498,True,,False,3,3.0,5,5,2.0,2,0.025,0.26666666666666666,1.0,4.0,2.06,0.39640000000000114,200,11,4.0,
dataset_b_overlapping_conflicts,B,200,6.0,6.0,1.0,0.09402258391492069,0.03290279197972268,True,,False,3,3.0,5,5,2.0,2,0.025,0.26666666666666666,1.0,4.0,2.08,0.4336,200,12,4.0,
dataset_b_overlapping_conflicts,B,200,6.0,6.0,1.0,0.09341324993874878,0.0325632500462234,True,,False,3,3.0,5,5,2.0,2,0.025,0.26666666666666666,1.0,4.0,2.045,0.40297500000000136,200,13,4.0,
dataset_b_overlapping_conflicts,B,200,6.0,6.0,1.0,0.09239374997559935,0.032504166942089796,True,,False,3,3.0,5,5,2.0,2,0.025,0.26666666666666666,1.0,4.0,2.035,0.47377500000000083,200,14,4.0,
dataset_b_overlapping_conflicts,B,200,6.0,6.0,1.0,0.0944349579513073,0.032667166902683675,True,,False,3,3.0,5,5,2.0,2,0.025,0.26666666666666666,1.0,4.0,2.08,0.46359999999999985,200,15,4.0,
dataset_b_overlapping_conflicts,B,200,6.0,6.0,1.0,0.08939654193818569,0.03209312492981553,True,,False,3,3.0,5,5,2.0,2,0.025,0.26666666666666666,1.0,4.0,1.975,0.41437499999999955,200,16,4.0,
dataset_b_overlapping_conflicts,B,200,6.0,6.0,1.0,0.09310466703027487,0.03271787508856505,True,,False,3,3.0,5,5,2.0,2,0.025,0.26666666666666666,1.0,4.0,2.065,0.3707750000000004,200,17,4.0,
dataset_b_overlapping_conflicts,B,200,6.0,6.0,1.0,0.09386737504974008,0.03263341693673283,True,,False,3,3.0,5,5,2.0,2,0.025,0.26666666666666666,1.0,4.0,2.09,0.46190000000000014,200,18,4.0,
dataset_b_overlapping_conflicts,B,200,6.0,6.0,1.0,0.09255158295854926,0.03245370800141245,True,,False,3,3.0,5,5,2.0,2,0.025,0.26666666666666666,1.0,4.0,2.08,0.4236,200,19,4.0,
dataset_c_hm_shaped,C,10,2.0,2.0,1.0,0.001669958932325244,0.0026594579685479403,True,,False,1,1.0,1,1,2.0,2,0.1,0.0,1.0,4.0,2.1,1.29,10,0,,3.0
dataset_c_hm_shaped,C,10,2.0,2.0,1.0,0.001478667021729052,0.002531540929339826,True,,False,1,1.0,1,1,2.0,2,0.1,0.0,1.0,4.0,1.7,1.0099999999999998,10,1,,3.0
dataset_c_hm_shaped,C,10,2.0,2.0,1.0,0.0013212499907240272,0.002383999992161989,True,,False,1,1.0,1,1,2.0,2,0.1,0.0,1.0,4.0,1.8,1.1600000000000001,10,2,,3.0
dataset_c_hm_shaped,C,10,2.0,2.0,1.0,0.0014722500927746296,0.0024965000338852406,True,,False,1,1.0,1,1,2.0,2,0.1,0.0,1.0,4.0,1.9,1.4900000000000002,10,3,,3.0
dataset_c_hm_shaped,C,10,2.0,2.0,1.0,0.001493333955295384,0.002468207967467606,True,,False,1,1.0,1,1,2.0,2,0.1,0.0,1.0,3.0,2.0,0.6,10,4,,3.0
dataset_c_hm_shaped,C,10,2.0,2.0,1.0,0.0014582080766558647,0.0025047080125659704,True,,False,1,1.0,1,1,2.0,2,0.1,0.0,1.0,4.0,2.0,1.2,10,5,,3.0
dataset_c_hm_shaped,C,10,2.0,2.0,1.0,0.0014281671028584242,0.002524083014577627,True,,False,1,1.0,1,1,2.0,2,0.1,0.0,1.0,4.0,2.0,1.0,10,6,,3.0
dataset_c_hm_shaped,C,10,2.0,2.0,1.0,0.001357792061753571,0.002449874999001622,True,,False,1,1.0,1,1,2.0,2,0.1,0.0,1.0,4.0,1.8,0.9600000000000002,10,7,,3.0
dataset_c_hm_shaped,C,10,2.0,2.0,1.0,0.0011793329613283277,0.002168750041164458,True,,False,1,1.0,1,1,2.0,2,0.1,0.0,1.0,3.0,1.5,0.65,10,8,,3.0
dataset_c_hm_shaped,C,10,2.0,2.0,1.0,0.0014163750456646085,0.0024446670431643724,True,,False,1,1.0,1,1,2.0,2,0.1,0.0,1.0,4.0,2.0,1.2,10,9,,3.0
dataset_c_hm_shaped,C,10,2.0,2.0,1.0,0.0016033750725910068,0.002674542018212378,True,,False,1,1.0,1,1,2.0,2,0.1,0.0,1.0,4.0,2.3,1.21,10,10,,3.0
dataset_c_hm_shaped,C,10,2.0,2.0,1.0,0.001577041926793754,0.002664125058799982,True,,False,1,1.0,1,1,2.0,2,0.1,0.0,1.0,4.0,2.1,1.0900000000000003,10,11,,3.0
dataset_c_hm_shaped,C,10,2.0,2.0,1.0,0.0014215420233085752,0.002460167044773698,True,,False,1,1.0,1,1,2.0,2,0.1,0.0,1.0,4.0,1.8,1.1600000000000004,10,12,,3.0
dataset_c_hm_shaped,C,10,2.0,2.0,1.0,0.0011134590022265911,0.002032957971096039,True,,False,1,1.0,1,1,2.0,2,0.1,0.0,1.0,3.0,1.5,0.65,10,13,,3.0
dataset_c_hm_shaped,C,10,2.0,2.0,1.0,0.0013687079772353172,0.0024042079458013177,True,,False,1,1.0,1,1,2.0,2,0.1,0.0,1.0,4.0,2.2,1.7600000000000002,10,14,,3.0
dataset_c_hm_shaped,C,10,2.0,2.0,1.0,0.0011887910077348351,0.002135791932232678,True,,False,1,1.0,1,1,2.0,2,0.1,0.0,1.0,3.0,1.3,0.40999999999999986,10,15,,3.0
dataset_c_hm_shaped,C,10,2.0,2.0,1.0,0.0014427920104935765,0.002607000060379505,True,,False,1,1.0,1,1,2.0,2,0.1,0.0,1.0,4.0,2.1,1.0900000000000003,10,16,,3.0
dataset_c_hm_shaped,C,10,2.0,2.0,1.0,0.0013908749679103494,0.002495374996215105,True,,False,1,1.0,1,1,2.0,2,0.1,0.0,1.0,4.0,2.0,1.4,10,17,,3.0
dataset_c_hm_shaped,C,10,2.0,2.0,1.0,0.001406916999258101,0.0024971250677481294,True,,False,1,1.0,1,1,2.0,2,0.1,0.0,1.0,4.0,1.9,0.89,10,18,,3.0
dataset_c_hm_shaped,C,10,2.0,2.0,1.0,0.0013821249594911933,0.00239762500859797,True,,False,1,1.0,1,1,2.0,2,0.1,0.0,1.0,4.0,1.9,1.4900000000000002,10,19,,3.0
dataset_c_hm_shaped,C,20,2.0,2.0,1.0,0.0026262090541422367,0.00424362497869879,True,,False,1,1.0,1,1,2.0,2,0.05,0.0,1.0,4.0,2.15,1.4274999999999998,20,0,,3.0
dataset_c_hm_shaped,C,20,2.0,2.0,1.0,0.0026690420927479863,0.0042885420843958855,True,,False,1,1.0,1,1,2.0,2,0.05,0.0,1.0,4.0,2.15,1.5275000000000003,20,1,,3.0
dataset_c_hm_shaped,C,20,2.0,2.0,1.0,0.002572915982455015,0.004296167055144906,True,,False,1,1.0,1,1,2.0,2,0.05,0.0,1.0,4.0,2.1,1.5900000000000003,20,2,,3.0
dataset_c_hm_shaped,C,20,2.0,2.0,1.0,0.002638499950990081,0.004350584000349045,True,,False,1,1.0,1,1,2.0,2,0.05,0.0,1.0,4.0,2.2,1.7599999999999998,20,3,,3.0
dataset_c_hm_shaped,C,20,2.0,2.0,1.0,0.002072833012789488,0.003753041964955628,True,,False,1,1.0,1,1,2.0,2,0.05,0.0,1.0,4.0,1.95,0.8474999999999999,20,4,,3.0
dataset_c_hm_shaped,C,20,2.0,2.0,1.0,0.0019898749887943268,0.0037068750243633986,True,,False,1,1.0,1,1,2.0,2,0.05,0.0,1.0,4.0,1.65,0.9274999999999997,20,5,,3.0
dataset_c_hm_shaped,C,20,2.0,2.0,1.0,0.0023576250532642007,0.004034417099319398,True,,False,1,1.0,1,1,2.0,2,0.05,0.0,1.0,4.0,2.1,1.1900000000000002,20,6,,3.0
dataset_c_hm_shaped,C,20,2.0,2.0,1.0,0.002212250023148954,0.003920166986063123,True,,False,1,1.0,1,1,2.0,2,0.05,0.0,1.0,4.0,1.75,0.9875,20,7,,3.0
dataset_c_hm_shaped,C,20,2.0,2.0,1.0,0.0025007500080391765,0.004428082960657775,True,,False,1,1.0,1,1,2.0,2,0.05,0.0,1.0,4.0,1.9,1.29,20,8,,3.0
dataset_c_hm_shaped,C,20,2.0,2.0,1.0,0.0022792499512434006,0.0039224999491125345,True,,False,1,1.0,1,1,2.0,2,0.05,0.0,1.0,4.0,1.9,0.9900000000000004,20,9,,3.0
dataset_c_hm_shaped,C,20,2.0,2.0,1.0,0.0026704579358920455,0.004334790981374681,True,,False,1,1.0,1,1,2.0,2,0.05,0.0,1.0,4.0,2.35,1.2275000000000003,20,10,,3.0
dataset_c_hm_shaped,C,20,2.0,2.0,1.0,0.0026420409558340907,0.004306750022806227,True,,False,1,1.0,1,1,2.0,2,0.05,0.0,1.0,4.0,2.1,1.0900000000000003,20,11,,3.0
dataset_c_hm_shaped,C,20,2.0,2.0,1.0,0.0025540830101817846,0.004254416096955538,True,,False,1,1.0,1,1,2.0,2,0.05,0.0,1.0,4.0,2.15,1.1275000000000002,20,12,,3.0
dataset_c_hm_shaped,C,20,2.0,2.0,1.0,0.0021100000012665987,0.0037682499969378114,True,,False,1,1.0,1,1,2.0,2,0.05,0.0,1.0,4.0,1.8,1.3600000000000003,20,13,,3.0
dataset_c_hm_shaped,C,20,2.0,2.0,1.0,0.0022978748893365264,0.003915832960046828,True,,False,1,1.0,1,1,2.0,2,0.05,0.0,1.0,4.0,2.0,1.6,20,14,,3.0
dataset_c_hm_shaped,C,20,2.0,2.0,1.0,0.0021641659550368786,0.0038735419511795044,True,,False,1,1.0,1,1,2.0,2,0.05,0.0,1.0,4.0,1.8,1.2600000000000002,20,15,,3.0
dataset_c_hm_shaped,C,20,2.0,2.0,1.0,0.0027144589694216847,0.0043504160130396485,True,,False,1,1.0,1,1,2.0,2,0.05,0.0,1.0,4.0,2.35,1.3275000000000001,20,16,,3.0
dataset_c_hm_shaped,C,20,2.0,2.0,1.0,0.0023100830148905516,0.003977374988608062,True,,False,1,1.0,1,1,2.0,2,0.05,0.0,1.0,4.0,2.05,1.3475,20,17,,3.0
dataset_c_hm_shaped,C,20,2.0,2.0,1.0,0.002174750086851418,0.003904417040757835,True,,False,1,1.0,1,1,2.0,2,0.05,0.0,1.0,4.0,2.0,1.2,20,18,,3.0
dataset_c_hm_shaped,C,20,2.0,2.0,1.0,0.0024721659719944,0.004119249992072582,True,,False,1,1.0,1,1,2.0,2,0.05,0.0,1.0,4.0,2.05,1.3475,20,19,,3.0
dataset_c_hm_shaped,C,50,2.0,2.0,1.0,0.005154749960638583,0.00838241702876985,True,,False,1,1.0,1,1,2.0,2,0.02,0.0,1.0,4.0,1.8,1.12,50,0,,3.0
dataset_c_hm_shaped,C,50,2.0,2.0,1.0,0.0059426670195534825,0.008928082999773324,True,,False,1,1.0,1,1,2.0,2,0.02,0.0,1.0,4.0,2.04,1.4784,50,1,,3.0
dataset_c_hm_shaped,C,50,2.0,2.0,1.0,0.005334540968760848,0.008356583071872592,True,,False,1,1.0,1,1,2.0,2,0.02,0.0,1.0,4.0,1.84,1.2943999999999987,50,2,,3.0
dataset_c_hm_shaped,C,50,2.0,2.0,1.0,0.006262124981731176,0.009272833005525172,True,,False,1,1.0,1,1,2.0,2,0.02,0.0,1.0,4.0,2.38,1.6356000000000004,50,3,,3.0
dataset_c_hm_shaped,C,50,2.0,2.0,1.0,0.005521083949133754,0.008624957990832627,True,,False,1,1.0,1,1,2.0,2,0.02,0.0,1.0,4.0,2.12,1.2655999999999994,50,4,,3.0
dataset_c_hm_shaped,C,50,2.0,2.0,1.0,0.005751833086833358,0.008814499946311116,True,,False,1,1.0,1,1,2.0,2,0.02,0.0,1.0,4.0,2.24,1.3823999999999996,50,5,,3.0
dataset_c_hm_shaped,C,50,2.0,2.0,1.0,0.006438417010940611,0.009293374954722822,True,,False,1,1.0,1,1,2.0,2,0.02,0.0,1.0,4.0,2.36,1.5503999999999993,50,6,,3.0
dataset_c_hm_shaped,C,50,2.0,2.0,1.0,0.005490167066454887,0.008641707943752408,True,,False,1,1.0,1,1,2.0,2,0.02,0.0,1.0,4.0,1.92,1.3136000000000003,50,7,,3.0
dataset_c_hm_shaped,C,50,2.0,2.0,1.0,0.005890499916858971,0.008725750027224422,True,,False,1,1.0,1,1,2.0,2,0.02,0.0,1.0,4.0,2.08,1.3936000000000002,50,8,,3.0
dataset_c_hm_shaped,C,50,2.0,2.0,1.0,0.004879749962128699,0.00815437501296401,True,,False,1,1.0,1,1,2.0,2,0.02,0.0,1.0,4.0,1.86,1.0403999999999998,50,9,,3.0
dataset_c_hm_shaped,C,50,2.0,2.0,1.0,0.0068185830023139715,0.009727333905175328,True,,False,1,1.0,1,1,2.0,2,0.02,0.0,1.0,4.0,2.38,1.5156,50,10,,3.0
dataset_c_hm_shaped,C,50,2.0,2.0,1.0,0.005551207927055657,0.008509458042681217,True,,False,1,1.0,1,1,2.0,2,0.02,0.0,1.0,4.0,1.92,1.1936000000000002,50,11,,3.0
dataset_c_hm_shaped,C,50,2.0,2.0,1.0,0.005678707966580987,0.008780499920248985,True,,False,1,1.0,1,1,2.0,2,0.02,0.0,1.0,4.0,2.02,1.3395999999999995,50,12,,3.0
dataset_c_hm_shaped,C,50,2.0,2.0,1.0,0.004992667003534734,0.00815604196395725,True,,False,1,1.0,1,1,2.0,2,0.02,0.0,1.0,4.0,2.04,1.3984000000000005,50,13,,3.0
dataset_c_hm_shaped,C,50,2.0,2.0,1.0,0.005685957963578403,0.008650125004351139,True,,False,1,1.0,1,1,2.0,2,0.02,0.0,1.0,4.0,2.06,1.6163999999999996,50,14,,3.0
dataset_c_hm_shaped,C,50,2.0,2.0,1.0,0.005928541999310255,0.009058875031769276,True,,False,1,1.0,1,1,2.0,2,0.02,0.0,1.0,4.0,2.3,1.3700000000000006,50,15,,3.0
dataset_c_hm_shaped,C,50,2.0,2.0,1.0,0.00603599997702986,0.008914749952964485,True,,False,1,1.0,1,1,2.0,2,0.02,0.0,1.0,4.0,2.14,1.3603999999999994,50,16,,3.0
dataset_c_hm_shaped,C,50,2.0,2.0,1.0,0.005519042024388909,0.008577332948334515,True,,False,1,1.0,1,1,2.0,2,0.02,0.0,1.0,4.0,2.14,1.5203999999999995,50,17,,3.0
dataset_c_hm_shaped,C,50,2.0,2.0,1.0,0.005756000056862831,0.00882375007495284,True,,False,1,1.0,1,1,2.0,2,0.02,0.0,1.0,4.0,2.16,1.334399999999999,50,18,,3.0
dataset_c_hm_shaped,C,50,2.0,2.0,1.0,0.0063382500084117055,0.009195958031341434,True,,False,1,1.0,1,1,2.0,2,0.02,0.0,1.0,4.0,2.24,1.5423999999999995,50,19,,3.0
dataset_c_hm_shaped,C,100,2.0,2.0,1.0,0.011300334008410573,0.01593662507366389,True,,False,1,1.0,1,1,2.0,2,0.01,0.0,1.0,4.0,1.95,1.4075000000000009,100,0,,3.0
dataset_c_hm_shaped,C,100,2.0,2.0,1.0,0.011912000016309321,0.016079749912023544,True,,False,1,1.0,1,1,2.0,2,0.01,0.0,1.0,4.0,2.03,1.3691000000000009,100,1,,3.0
dataset_c_hm_shaped,C,100,2.0,2.0,1.0,0.01190120808314532,0.016355750034563243,True,,False,1,1.0,1,1,2.0,2,0.01,0.0,1.0,4.0,1.97,1.3691000000000004,100,2,,3.0
dataset_c_hm_shaped,C,100,2.0,2.0,1.0,0.012652916950173676,0.016450249939225614,True,,False,1,1.0,1,1,2.0,2,0.01,0.0,1.0,4.0,2.12,1.4856,100,3,,3.0
dataset_c_hm_shaped,C,100,2.0,2.0,1.0,0.012388500035740435,0.01648999995086342,True,,False,1,1.0,1,1,2.0,2,0.01,0.0,1.0,4.0,2.19,1.3739000000000001,100,4,,3.0
dataset_c_hm_shaped,C,100,2.0,2.0,1.0,0.0134589159861207,0.017196083907037973,True,,False,1,1.0,1,1,2.0,2,0.01,0.0,1.0,4.0,2.38,1.5155999999999994,100,5,,3.0
dataset_c_hm_shaped,C,100,2.0,2.0,1.0,0.012629540986381471,0.024512667092494667,True,,False,1,1.0,1,1,2.0,2,0.01,0.0,1.0,4.0,2.11,1.3579000000000019,100,6,,3.0
dataset_c_hm_shaped,C,100,2.0,2.0,1.0,0.011973166954703629,0.016499792109243572,True,,False,1,1.0,1,1,2.0,2,0.01,0.0,1.0,4.0,2.04,1.4183999999999994,100,7,,3.0
dataset_c_hm_shaped,C,100,2.0,2.0,1.0,0.012724291998893023,0.01675954193342477,True,,False,1,1.0,1,1,2.0,2,0.01,0.0,1.0,4.0,2.16,1.4744,100,8,,3.0
dataset_c_hm_shaped,C,100,2.0,2.0,1.0,0.011624500039033592,0.01621870801318437,True,,False,1,1.0,1,1,2.0,2,0.01,0.0,1.0,4.0,1.98,1.2995999999999992,100,9,,3.0
dataset_c_hm_shaped,C,100,2.0,2.0,1.0,0.014025582931935787,0.01743070804513991,True,,False,1,1.0,1,1,2.0,2,0.01,0.0,1.0,4.0,2.27,1.3371000000000006,100,10,,3.0
dataset_c_hm_shaped,C,100,2.0,2.0,1.0,0.012603915994986892,0.01681379193905741,True,,False,1,1.0,1,1,2.0,2,0.01,0.0,1.0,4.0,2.07,1.2851,100,11,,3.0
dataset_c_hm_shaped,C,100,2.0,2.0,1.0,0.012656291015446186,0.016794207971543074,True,,False,1,1.0,1,1,2.0,2,0.01,0.0,1.0,4.0,2.13,1.3731000000000007,100,12,,3.0
dataset_c_hm_shaped,C,100,2.0,2.0,1.0,0.01133333402685821,0.015834250021725893,True,,False,1,1.0,1,1,2.0,2,0.01,0.0,1.0,4.0,2.03,1.3291000000000008,100,13,,3.0
dataset_c_hm_shaped,C,100,2.0,2.0,1.0,0.012419292004778981,0.016481166938319802,True,,False,1,1.0,1,1,2.0,2,0.01,0.0,1.0,4.0,2.09,1.5619000000000003,100,14,,3.0
dataset_c_hm_shaped,C,100,2.0,2.0,1.0,0.013712082989513874,0.01745270797982812,True,,False,1,1.0,1,1,2.0,2,0.01,0.0,1.0,4.0,2.32,1.417600000000001,100,15,,3.0
dataset_c_hm_shaped,C,100,2.0,2.0,1.0,0.012578082969412208,0.01661133300513029,True,,False,1,1.0,1,1,2.0,2,0.01,0.0,1.0,4.0,2.1,1.4099999999999997,100,16,,3.0
dataset_c_hm_shaped,C,100,2.0,2.0,1.0,0.012243959004990757,0.016537249903194606,True,,False,1,1.0,1,1,2.0,2,0.01,0.0,1.0,4.0,2.14,1.5003999999999982,100,17,,3.0
dataset_c_hm_shaped,C,100,2.0,2.0,1.0,0.012225457932800055,0.016323250019922853,True,,False,1,1.0,1,1,2.0,2,0.01,0.0,1.0,4.0,2.16,1.4344000000000006,100,18,,3.0
dataset_c_hm_shaped,C,100,2.0,2.0,1.0,0.013041083002462983,0.01667716703377664,True,,False,1,1.0,1,1,2.0,2,0.01,0.0,1.0,4.0,2.17,1.501099999999998,100,19,,3.0
dataset_c_hm_shaped,C,200,2.0,2.0,1.0,0.029756875010207295,0.032059584045782685,True,,False,1,1.0,1,1,2.0,2,0.005,0.0,1.0,4.0,2.08,1.4636000000000025,200,0,,3.0
dataset_c_hm_shaped,C,200,2.0,2.0,1.0,0.028718791087158024,0.03157687501516193,True,,False,1,1.0,1,1,2.0,2,0.005,0.0,1.0,4.0,2.07,1.4251000000000003,200,1,,3.0
dataset_c_hm_shaped,C,200,2.0,2.0,1.0,0.030453416984528303,0.032485665986314416,True,,False,1,1.0,1,1,2.0,2,0.005,0.0,1.0,4.0,2.105,1.3939749999999995,200,2,,3.0
dataset_c_hm_shaped,C,200,2.0,2.0,1.0,0.030303374980576336,0.032004249980673194,True,,False,1,1.0,1,1,2.0,2,0.005,0.0,1.0,4.0,2.08,1.4436000000000027,200,3,,3.0
dataset_c_hm_shaped,C,200,2.0,2.0,1.0,0.02913320902734995,0.03135858289897442,True,,False,1,1.0,1,1,2.0,2,0.005,0.0,1.0,4.0,2.07,1.3251000000000008,200,4,,3.0
dataset_c_hm_shaped,C,200,2.0,2.0,1.0,0.03232412494253367,0.032571000047028065,True,,False,1,1.0,1,1,2.0,2,0.005,0.0,1.0,4.0,2.24,1.4323999999999995,200,5,,3.0
dataset_c_hm_shaped,C,200,2.0,2.0,1.0,0.030166958924382925,0.0317574170185253,True,,False,1,1.0,1,1,2.0,2,0.005,0.0,1.0,4.0,2.1,1.4400000000000015,200,6,,3.0
dataset_c_hm_shaped,C,200,2.0,2.0,1.0,0.029377000057138503,0.032088874955661595,True,,False,1,1.0,1,1,2.0,2,0.005,0.0,1.0,4.0,2.055,1.3919749999999993,200,7,,3.0
dataset_c_hm_shaped,C,200,2.0,2.0,1.0,0.031186041072942317,0.03249270806554705,True,,False,1,1.0,1,1,2.0,2,0.005,0.0,1.0,4.0,2.205,1.492974999999998,200,8,,3.0
dataset_c_hm_shaped,C,200,2.0,2.0,1.0,0.02902899996843189,0.03189270803704858,True,,False,1,1.0,1,1,2.0,2,0.005,0.0,1.0,4.0,2.045,1.392975000000001,200,9,,3.0
dataset_c_hm_shaped,C,200,2.0,2.0,1.0,0.03409462491981685,0.03357974998652935,True,,False,1,1.0,1,1,2.0,2,0.005,0.0,1.0,4.0,2.245,1.4249750000000003,200,10,,3.0
dataset_c_hm_shaped,C,200,2.0,2.0,1.0,0.030555665958672762,0.03274125000461936,True,,False,1,1.0,1,1,2.0,2,0.005,0.0,1.0,4.0,2.07,1.3951000000000007,200,11,,3.0
dataset_c_hm_shaped,C,200,2.0,2.0,1.0,0.030621708021499217,0.03189837501849979,True,,False,1,1.0,1,1,2.0,2,0.005,0.0,1.0,4.0,2.09,1.4019000000000017,200,12,,3.0
dataset_c_hm_shaped,C,200,2.0,2.0,1.0,0.028611166984774172,0.031933499965816736,True,,False,1,1.0,1,1,2.0,2,0.005,0.0,1.0,4.0,2.05,1.3874999999999995,200,13,,3.0
dataset_c_hm_shaped,C,200,2.0,2.0,1.0,0.030549290939234197,0.03297058306634426,True,,False,1,1.0,1,1,2.0,2,0.005,0.0,1.0,4.0,2.09,1.4919000000000013,200,14,,3.0
dataset_c_hm_shaped,C,200,2.0,2.0,1.0,0.03178454109001905,0.03276612493209541,True,,False,1,1.0,1,1,2.0,2,0.005,0.0,1.0,4.0,2.13,1.4331000000000034,200,15,,3.0
dataset_c_hm_shaped,C,200,2.0,2.0,1.0,0.031193999922834337,0.032968792016617954,True,,False,1,1.0,1,1,2.0,2,0.005,0.0,1.0,4.0,2.215,1.5387749999999991,200,16,,3.0
dataset_c_hm_shaped,C,200,2.0,2.0,1.0,0.030786584015004337,0.032616958022117615,True,,False,1,1.0,1,1,2.0,2,0.005,0.0,1.0,4.0,2.205,1.462974999999999,200,17,,3.0
dataset_c_hm_shaped,C,200,2.0,2.0,1.0,0.03070299990940839,0.03202529193367809,True,,False,1,1.0,1,1,2.0,2,0.005,0.0,1.0,4.0,2.09,1.561900000000002,200,18,,3.0
dataset_c_hm_shaped,C,200,2.0,2.0,1.0,0.032945208018645644,0.03367945796344429,True,,False,1,1.0,1,1,2.0,2,0.005,0.0,1.0,4.0,2.29,1.545900000000002,200,19,,3.0
